,roundId,timestamp,datetime,price
0,18446744073709552813,1667169414,2022-10-30 18:36:54+00:00,1.1601
1,18446744073709552812,1667158694,2022-10-30 15:38:14+00:00,1.15652
2,18446744073709552811,1667157073,2022-10-30 15:11:13+00:00,1.1603
3,18446744073709552810,1667070640,2022-10-29 15:10:40+00:00,1.161385
4,18446744073709552809,1666984228,2022-10-28 15:10:28+00:00,1.16119
5,18446744073709552808,1666968106,2022-10-28 10:41:46+00:00,1.1576675
6,18446744073709552807,1666966426,2022-10-28 10:13:46+00:00,1.15407
7,18446744073709552806,1666964566,2022-10-28 09:42:46+00:00,1.1577692
8,18446744073709552805,1666956038,2022-10-28 07:20:38+00:00,1.1542775
9,18446744073709552804,1666944333,2022-10-28 04:05:33+00:00,1.1508
10,18446744073709552803,1666937395,2022-10-28 02:09:55+00:00,1.15471
11,18446744073709552802,1666882354,2022-10-27 10:52:34+00:00,1.158315
12,18446744073709552801,1666880014,2022-10-27 10:13:34+00:00,1.16189
13,18446744073709552800,1666861610,2022-10-27 05:06:50+00:00,1.1583996
14,18446744073709552799,1666798833,2022-10-26 11:40:33+00:00,1.16206
15,18446744073709552798,1666792890,2022-10-26 10:01:30+00:00,1.158545
16,18446744073709552797,1666789766,2022-10-26 09:09:26+00:00,1.15484249
17,18446744073709552796,1666771844,2022-10-26 04:10:44+00:00,1.15832
18,18446744073709552795,1666769446,2022-10-26 03:30:46+00:00,1.154855
19,18446744073709552794,1666769023,2022-10-26 03:23:43+00:00,1.151375
20,18446744073709552793,1666764972,2022-10-26 02:16:12+00:00,1.147905
21,18446744073709552792,1666743893,2022-10-25 20:24:53+00:00,1.144425
22,18446744073709552791,1666705851,2022-10-25 09:50:51+00:00,1.14788
23,18446744073709552790,1666705551,2022-10-25 09:45:51+00:00,1.1443874
24,18446744073709552789,1666703988,2022-10-25 09:19:48+00:00,1.14091
25,18446744073709552788,1666702971,2022-10-25 09:02:51+00:00,1.13703
26,18446744073709552787,1666690482,2022-10-25 05:34:42+00:00,1.133375
27,18446744073709552786,1666651845,2022-10-24 18:50:45+00:00,1.12994
28,18446744073709552785,1666629447,2022-10-24 12:37:27+00:00,1.12656
29,18446744073709552784,1666609587,2022-10-24 07:06:27+00:00,1.130155
30,18446744073709552783,1666605714,2022-10-24 06:01:54+00:00,1.13361
31,18446744073709552782,1666604247,2022-10-24 05:37:27+00:00,1.130083
32,18446744073709552781,1666593466,2022-10-24 02:37:46+00:00,1.13363
33,18446744073709552780,1666591637,2022-10-24 02:07:17+00:00,1.13712
34,18446744073709552779,1666586562,2022-10-24 00:42:42+00:00,1.1337
35,18446744073709552778,1666583318,2022-10-23 23:48:38+00:00,1.1301825
36,18446744073709552777,1666569753,2022-10-23 20:02:33+00:00,1.133608
37,18446744073709552776,1666568640,2022-10-23 19:44:00+00:00,1.1371518
38,18446744073709552775,1666563446,2022-10-23 18:17:26+00:00,1.13363
39,18446744073709552774,1666555701,2022-10-23 16:08:21+00:00,1.13732
40,18446744073709552773,1666553868,2022-10-23 15:37:48+00:00,1.13145
41,18446744073709552772,1666550867,2022-10-23 14:47:47+00:00,1.13493
42,18446744073709552771,1666470591,2022-10-22 16:29:51+00:00,1.130675
43,18446744073709552770,1666384183,2022-10-21 16:29:43+00:00,1.13138
44,18446744073709552769,1666378208,2022-10-21 14:50:08+00:00,1.12784
45,18446744073709552768,1666369083,2022-10-21 12:18:03+00:00,1.1244
46,18446744073709552767,1666367850,2022-10-21 11:57:30+00:00,1.1279
47,18446744073709552766,1666367430,2022-10-21 11:50:30+00:00,1.1241075
48,18446744073709552765,1666365720,2022-10-21 11:22:00+00:00,1.12058
49,18446744073709552764,1666364400,2022-10-21 11:00:00+00:00,1.11683
50,18446744073709552763,1666363707,2022-10-21 10:48:27+00:00,1.12027
51,18446744073709552762,1666362416,2022-10-21 10:26:56+00:00,1.11687
52,18446744073709552761,1666361276,2022-10-21 10:07:56+00:00,1.12038
53,18446744073709552760,1666360499,2022-10-21 09:54:59+00:00,1.11696
54,18446744073709552759,1666357163,2022-10-21 08:59:23+00:00,1.1136
55,18446744073709552758,1666354583,2022-10-21 08:16:23+00:00,1.1087089
56,18446744073709552757,1666344886,2022-10-21 05:34:46+00:00,1.112385
57,18446744073709552756,1666340535,2022-10-21 04:22:15+00:00,1.115781
58,18446744073709552755,1666328044,2022-10-21 00:54:04+00:00,1.1193
59,18446744073709552754,1666286703,2022-10-20 13:25:03+00:00,1.12276
60,18446744073709552753,1666282381,2022-10-20 12:13:01+00:00,1.12616
61,18446744073709552752,1666278964,2022-10-20 11:16:04+00:00,1.129635
62,18446744073709552751,1666276225,2022-10-20 10:30:25+00:00,1.13306
63,18446744073709552750,1666275565,2022-10-20 10:19:25+00:00,1.1292777
64,18446744073709552749,1666269922,2022-10-20 08:45:22+00:00,1.12565
65,18446744073709552748,1666269080,2022-10-20 08:31:20+00:00,1.1290798
66,18446744073709552747,1666266979,2022-10-20 07:56:19+00:00,1.125325
67,18446744073709552746,1666259842,2022-10-20 05:57:22+00:00,1.12119
68,18446744073709552745,1666257223,2022-10-20 05:13:43+00:00,1.11778
69,18446744073709552744,1666196702,2022-10-19 12:25:02+00:00,1.1212075
70,18446744073709552743,1666177369,2022-10-19 07:02:49+00:00,1.12487499
71,18446744073709552742,1666174185,2022-10-19 06:09:45+00:00,1.12832
72,18446744073709552741,1666168092,2022-10-19 04:28:12+00:00,1.124895
73,18446744073709552740,1666162600,2022-10-19 02:56:40+00:00,1.12831999
74,18446744073709552739,1666154459,2022-10-19 00:40:59+00:00,1.1319516
75,18446744073709552738,1666134677,2022-10-18 19:11:17+00:00,1.13536
76,18446744073709552737,1666092979,2022-10-18 07:36:19+00:00,1.131665
77,18446744073709552736,1666086791,2022-10-18 05:53:11+00:00,1.12769
78,18446744073709552735,1666083279,2022-10-18 04:54:39+00:00,1.1311961
79,18446744073709552734,1666079946,2022-10-18 03:59:06+00:00,1.134895
80,18446744073709552733,1666077637,2022-10-18 03:20:37+00:00,1.131365
81,18446744073709552732,1666072774,2022-10-18 01:59:34+00:00,1.135515
82,18446744073709552731,1666065836,2022-10-18 00:03:56+00:00,1.1391075
83,18446744073709552730,1666031221,2022-10-17 14:27:01+00:00,1.1355
84,18446744073709552729,1666026147,2022-10-17 13:02:27+00:00,1.13897
85,18446744073709552728,1666018069,2022-10-17 10:47:49+00:00,1.14241
86,18446744073709552727,1666016928,2022-10-17 10:28:48+00:00,1.13871
87,18446744073709552726,1666010686,2022-10-17 08:44:46+00:00,1.13439
88,18446744073709552725,1666009425,2022-10-17 08:23:45+00:00,1.1306206
89,18446744073709552724,1666003119,2022-10-17 06:38:39+00:00,1.1272305
90,18446744073709552723,1666001436,2022-10-17 06:10:36+00:00,1.130965
91,18446744073709552722,1665997323,2022-10-17 05:02:03+00:00,1.12680385
92,18446744073709552721,1665995671,2022-10-17 04:34:31+00:00,1.123405
93,18446744073709552720,1665985495,2022-10-17 01:44:55+00:00,1.12683
94,18446744073709552719,1665947611,2022-10-16 15:13:31+00:00,1.12345
95,18446744073709552718,1665937044,2022-10-16 12:17:24+00:00,1.11792999
96,18446744073709552717,1665850621,2022-10-15 12:17:01+00:00,1.11792999
97,18446744073709552716,1665764215,2022-10-14 12:16:55+00:00,1.11726
98,18446744073709552715,1665761753,2022-10-14 11:35:53+00:00,1.120645
99,18446744073709552714,1665759590,2022-10-14 10:59:50+00:00,1.1242325
100,18446744073709552713,1665755086,2022-10-14 09:44:46+00:00,1.11989
101,18446744073709552712,1665754252,2022-10-14 09:30:52+00:00,1.1234
102,18446744073709552711,1665752297,2022-10-14 08:58:17+00:00,1.12695
103,18446744073709552710,1665751844,2022-10-14 08:50:44+00:00,1.12352
104,18446744073709552709,1665747762,2022-10-14 07:42:42+00:00,1.1199462
105,18446744073709552708,1665745483,2022-10-14 07:04:43+00:00,1.1245025
106,18446744073709552707,1665743378,2022-10-14 06:29:38+00:00,1.1279225
107,18446744073709552706,1665740207,2022-10-14 05:36:47+00:00,1.12351499
108,18446744073709552705,1665735646,2022-10-14 04:20:46+00:00,1.1269125
109,18446744073709552704,1665734142,2022-10-14 03:55:42+00:00,1.13039999
110,18446744073709552703,1665732162,2022-10-14 03:22:42+00:00,1.1266844
111,18446744073709552702,1665727994,2022-10-14 02:13:14+00:00,1.1304475
112,18446744073709552701,1665711900,2022-10-13 21:45:00+00:00,1.1344
113,18446744073709552700,1665705534,2022-10-13 19:58:54+00:00,1.13032999
114,18446744073709552699,1665682402,2022-10-13 13:33:22+00:00,1.133765
115,18446744073709552698,1665681289,2022-10-13 13:14:49+00:00,1.1303395
116,18446744073709552697,1665675412,2022-10-13 11:36:52+00:00,1.13403
117,18446744073709552696,1665674326,2022-10-13 11:18:46+00:00,1.13047
118,18446744073709552695,1665673606,2022-10-13 11:06:46+00:00,1.12618
119,18446744073709552694,1665672704,2022-10-13 10:51:44+00:00,1.12236
120,18446744073709552693,1665671234,2022-10-13 10:27:14+00:00,1.1186325
121,18446744073709552692,1665669403,2022-10-13 09:56:43+00:00,1.122
122,18446744073709552691,1665666884,2022-10-13 09:14:44+00:00,1.1180325
123,18446744073709552690,1665666194,2022-10-13 09:03:14+00:00,1.12169
124,18446744073709552689,1665664331,2022-10-13 08:32:11+00:00,1.11829
125,18446744073709552688,1665664271,2022-10-13 08:31:11+00:00,1.1229665
126,18446744073709552687,1665661416,2022-10-13 07:43:36+00:00,1.12675
127,18446744073709552686,1665661116,2022-10-13 07:38:36+00:00,1.12279
128,18446744073709552685,1665660788,2022-10-13 07:33:08+00:00,1.1193069
129,18446744073709552684,1665655954,2022-10-13 06:12:34+00:00,1.11581
130,18446744073709552683,1665652442,2022-10-13 05:14:02+00:00,1.112435
131,18446744073709552682,1665600565,2022-10-12 14:49:25+00:00,1.108905
132,18446744073709552681,1665598442,2022-10-12 14:14:02+00:00,1.11256
133,18446744073709552680,1665589432,2022-10-12 11:43:52+00:00,1.1087949
134,18446744073709552679,1665575559,2022-10-12 07:52:39+00:00,1.1052925
135,18446744073709552678,1665569284,2022-10-12 06:08:04+00:00,1.108635
136,18446744073709552677,1665563431,2022-10-12 04:30:31+00:00,1.1052
137,18446744073709552676,1665562980,2022-10-12 04:23:00+00:00,1.1017
138,18446744073709552675,1665559827,2022-10-12 03:30:27+00:00,1.098005
139,18446744073709552674,1665558474,2022-10-12 03:07:54+00:00,1.1018575
140,18446744073709552673,1665555232,2022-10-12 02:13:52+00:00,1.09845
141,18446744073709552672,1665554092,2022-10-12 01:54:52+00:00,1.101845
142,18446744073709552671,1665552172,2022-10-12 01:22:52+00:00,1.0984875
143,18446744073709552670,1665547560,2022-10-12 00:06:00+00:00,1.1018
144,18446744073709552669,1665538560,2022-10-11 21:36:00+00:00,1.09482
145,18446744073709552668,1665515380,2022-10-11 15:09:40+00:00,1.09825
146,18446744073709552667,1665514810,2022-10-11 15:00:10+00:00,1.10246999
147,18446744073709552666,1665514237,2022-10-11 14:50:37+00:00,1.10606
148,18446744073709552665,1665513967,2022-10-11 14:46:07+00:00,1.1094385
149,18446744073709552664,1665509379,2022-10-11 13:29:39+00:00,1.11351249
150,18446744073709552663,1665506583,2022-10-11 12:43:03+00:00,1.116875
151,18446744073709552662,1665504542,2022-10-11 12:09:02+00:00,1.113495
152,18446744073709552661,1665503911,2022-10-11 11:58:31+00:00,1.11685
153,18446744073709552660,1665502471,2022-10-11 11:34:31+00:00,1.1131643
154,18446744073709552659,1665500070,2022-10-11 10:54:30+00:00,1.10887
155,18446744073709552658,1665496982,2022-10-11 10:03:02+00:00,1.1054366
156,18446744073709552657,1665487429,2022-10-11 07:23:49+00:00,1.10893
157,18446744073709552656,1665479085,2022-10-11 05:04:45+00:00,1.1054732
158,18446744073709552655,1665464343,2022-10-11 00:59:03+00:00,1.1021591
159,18446744073709552654,1665452635,2022-10-10 21:43:55+00:00,1.10552
160,18446744073709552653,1665447830,2022-10-10 20:23:50+00:00,1.10886
161,18446744073709552652,1665399412,2022-10-10 06:56:52+00:00,1.105235
162,18446744073709552651,1665392598,2022-10-10 05:03:18+00:00,1.10859
163,18446744073709552650,1665389715,2022-10-10 04:15:15+00:00,1.1051
164,18446744073709552649,1665347329,2022-10-09 16:28:49+00:00,1.1085491
165,18446744073709552648,1665345739,2022-10-09 16:02:19+00:00,1.09034
166,18446744073709552647,1665342888,2022-10-09 15:14:48+00:00,1.05891
167,18446744073709552646,1665342855,2022-10-09 15:14:15+00:00,1.1075424
168,18446744073709552645,1665339763,2022-10-09 14:22:43+00:00,1.05621
169,18446744073709552644,1665253964,2022-10-08 14:32:44+00:00,1.1089
170,18446744073709552643,1665167531,2022-10-07 14:32:11+00:00,1.10861
171,18446744073709552642,1665150628,2022-10-07 09:50:28+00:00,1.11209
172,18446744073709552641,1665148345,2022-10-07 09:12:25+00:00,1.11574
173,18446744073709552640,1665146874,2022-10-07 08:47:54+00:00,1.112075
174,18446744073709552639,1665145949,2022-10-07 08:32:29+00:00,1.11561
175,18446744073709552638,1665130546,2022-10-07 04:15:46+00:00,1.11925499
176,18446744073709552637,1665127183,2022-10-07 03:19:43+00:00,1.11587
177,18446744073709552636,1665125025,2022-10-07 02:43:45+00:00,1.1123347
178,18446744073709552635,1665124031,2022-10-07 02:27:11+00:00,1.11311
179,18446744073709552634,1665122197,2022-10-07 01:56:37+00:00,1.116667
180,18446744073709552633,1665076611,2022-10-06 13:16:51+00:00,1.11654749
181,18446744073709552632,1665072045,2022-10-06 12:00:45+00:00,1.113195
182,18446744073709552631,1665071928,2022-10-06 11:58:48+00:00,1.11659
183,18446744073709552630,1665066942,2022-10-06 10:35:42+00:00,1.12043499
184,18446744073709552629,1665061899,2022-10-06 09:11:39+00:00,1.124205
185,18446744073709552628,1665049652,2022-10-06 05:47:32+00:00,1.12778
186,18446744073709552627,1665044487,2022-10-06 04:21:27+00:00,1.1312474
187,18446744073709552626,1665013989,2022-10-05 19:53:09+00:00,1.134805
188,18446744073709552625,1665003994,2022-10-05 17:06:34+00:00,1.131395
189,18446744073709552624,1664996492,2022-10-05 15:01:32+00:00,1.1350094
190,18446744073709552623,1664990061,2022-10-05 13:14:21+00:00,1.1314265
191,18446744073709552622,1664984746,2022-10-05 11:45:46+00:00,1.12785
192,18446744073709552621,1664979647,2022-10-05 10:20:47+00:00,1.124261
193,18446744073709552620,1664978504,2022-10-05 10:01:44+00:00,1.1278789
194,18446744073709552619,1664973939,2022-10-05 08:45:39+00:00,1.13129
195,18446744073709552618,1664968296,2022-10-05 07:11:36+00:00,1.135051
196,18446744073709552617,1664963611,2022-10-05 05:53:31+00:00,1.13867499
197,18446744073709552616,1664959950,2022-10-05 04:52:30+00:00,1.1422436
198,18446744073709552615,1664958204,2022-10-05 04:23:24+00:00,1.13868
199,18446744073709552614,1664955707,2022-10-05 03:41:47+00:00,1.14217
200,18446744073709552613,1664951764,2022-10-05 02:36:04+00:00,1.14573
201,18446744073709552612,1664937964,2022-10-04 22:46:04+00:00,1.142143
202,18446744073709552611,1664933389,2022-10-04 21:29:49+00:00,1.1460004
203,18446744073709552610,1664931230,2022-10-04 20:53:50+00:00,1.14241
204,18446744073709552609,1664900075,2022-10-04 12:14:35+00:00,1.14641
205,18446744073709552608,1664897193,2022-10-04 11:26:33+00:00,1.142955
206,18446744073709552607,1664892782,2022-10-04 10:13:02+00:00,1.13938
207,18446744073709552606,1664886519,2022-10-04 08:28:39+00:00,1.13591
208,18446744073709552605,1664882160,2022-10-04 07:16:00+00:00,1.13219
209,18446744073709552604,1664873161,2022-10-04 04:46:01+00:00,1.135959
210,18446744073709552603,1664867443,2022-10-04 03:10:43+00:00,1.1393775
211,18446744073709552602,1664862939,2022-10-04 01:55:39+00:00,1.1358087
212,18446744073709552601,1664855730,2022-10-03 23:55:30+00:00,1.13232
213,18446744073709552600,1664849552,2022-10-03 22:12:32+00:00,1.128849
214,18446744073709552599,1664827283,2022-10-03 16:01:23+00:00,1.1324
215,18446744073709552598,1664812660,2022-10-03 11:57:40+00:00,1.1289486
216,18446744073709552597,1664809869,2022-10-03 11:11:09+00:00,1.1323675
217,18446744073709552596,1664807228,2022-10-03 10:27:08+00:00,1.12858
218,18446744073709552595,1664805786,2022-10-03 10:03:06+00:00,1.12474
219,18446744073709552594,1664795219,2022-10-03 07:06:59+00:00,1.12109
220,18446744073709552593,1664790519,2022-10-03 05:48:39+00:00,1.1176056
221,18446744073709552592,1664781782,2022-10-03 03:23:02+00:00,1.121
222,18446744073709552591,1664779566,2022-10-03 02:46:06+00:00,1.117606
223,18446744073709552590,1664778751,2022-10-03 02:32:31+00:00,1.12098
224,18446744073709552589,1664776440,2022-10-03 01:54:00+00:00,1.1244
225,18446744073709552588,1664775994,2022-10-03 01:46:34+00:00,1.11917
226,18446744073709552587,1664775748,2022-10-03 01:42:28+00:00,1.1153743
227,18446744073709552586,1664774849,2022-10-03 01:27:29+00:00,1.11202
228,18446744073709552585,1664772085,2022-10-03 00:41:25+00:00,1.1086575
229,18446744073709552584,1664769064,2022-10-02 23:51:04+00:00,1.112035
230,18446744073709552583,1664761744,2022-10-02 21:49:04+00:00,1.11549
231,18446744073709552582,1664755885,2022-10-02 20:11:25+00:00,1.11189
232,18446744073709552581,1664751683,2022-10-02 19:01:23+00:00,1.1152748
233,18446744073709552580,1664748022,2022-10-02 18:00:22+00:00,1.118722
234,18446744073709552579,1664737249,2022-10-02 15:00:49+00:00,1.115285
235,18446744073709552578,1664650761,2022-10-01 14:59:21+00:00,1.11636565
236,18446744073709552577,1664564292,2022-09-30 14:58:12+00:00,1.1176
237,18446744073709552576,1664558974,2022-09-30 13:29:34+00:00,1.1141
238,18446744073709552575,1664554143,2022-09-30 12:09:03+00:00,1.1107
239,18446744073709552574,1664548830,2022-09-30 10:40:30+00:00,1.114155
240,18446744073709552573,1664544714,2022-09-30 09:31:54+00:00,1.11002
241,18446744073709552572,1664536008,2022-09-30 07:06:48+00:00,1.105638
242,18446744073709552571,1664534087,2022-09-30 06:34:47+00:00,1.1090885
243,18446744073709552570,1664533127,2022-09-30 06:18:47+00:00,1.1125035
244,18446744073709552569,1664530783,2022-09-30 05:39:43+00:00,1.1165
245,18446744073709552568,1664525980,2022-09-30 04:19:40+00:00,1.11996
246,18446744073709552567,1664521776,2022-09-30 03:09:36+00:00,1.11611
247,18446744073709552566,1664517905,2022-09-30 02:05:05+00:00,1.112705
248,18446744073709552565,1664516133,2022-09-30 01:35:33+00:00,1.1163625
249,18446744073709552564,1664515115,2022-09-30 01:18:35+00:00,1.11291
250,18446744073709552563,1664504401,2022-09-29 22:20:01+00:00,1.1094223
251,18446744073709552562,1664504215,2022-09-29 22:16:55+00:00,1.1135733
252,18446744073709552561,1664494970,2022-09-29 19:42:50+00:00,1.11723
253,18446744073709552560,1664492716,2022-09-29 19:05:16+00:00,1.11298
254,18446744073709552559,1664491486,2022-09-29 18:44:46+00:00,1.116555
255,18446744073709552558,1664490046,2022-09-29 18:20:46+00:00,1.11999
256,18446744073709552557,1664489086,2022-09-29 18:04:46+00:00,1.11644
257,18446744073709552556,1664488693,2022-09-29 17:58:13+00:00,1.11245
258,18446744073709552555,1664483620,2022-09-29 16:33:40+00:00,1.10909
259,18446744073709552554,1664469000,2022-09-29 12:30:00+00:00,1.105745
260,18446744073709552553,1664468013,2022-09-29 12:13:33+00:00,1.109351
261,18446744073709552552,1664467530,2022-09-29 12:05:30+00:00,1.1059
262,18446744073709552551,1664465456,2022-09-29 11:30:56+00:00,1.102504
263,18446744073709552550,1664464317,2022-09-29 11:11:57+00:00,1.106045
264,18446744073709552549,1664463507,2022-09-29 10:58:27+00:00,1.1024994
265,18446744073709552548,1664462844,2022-09-29 10:47:24+00:00,1.0989
266,18446744073709552547,1664461225,2022-09-29 10:20:25+00:00,1.095378
267,18446744073709552546,1664459783,2022-09-29 09:56:23+00:00,1.098741
268,18446744073709552545,1664458221,2022-09-29 09:30:21+00:00,1.0952825
269,18446744073709552544,1664456931,2022-09-29 09:08:51+00:00,1.09161
270,18446744073709552543,1664455579,2022-09-29 08:46:19+00:00,1.08812
271,18446744073709552542,1664446933,2022-09-29 06:22:13+00:00,1.08482
272,18446744073709552541,1664444683,2022-09-29 05:44:43+00:00,1.088185
273,18446744073709552540,1664443784,2022-09-29 05:29:44+00:00,1.0842075
274,18446744073709552539,1664442281,2022-09-29 05:04:41+00:00,1.0806838
275,18446744073709552538,1664438169,2022-09-29 03:56:09+00:00,1.07745
276,18446744073709552537,1664433934,2022-09-29 02:45:34+00:00,1.080705
277,18446744073709552536,1664430036,2022-09-29 01:40:36+00:00,1.0773
278,18446744073709552535,1664412379,2022-09-28 20:46:19+00:00,1.0805553
279,18446744073709552534,1664408448,2022-09-28 19:40:48+00:00,1.08383
280,18446744073709552533,1664388123,2022-09-28 14:02:03+00:00,1.08726
281,18446744073709552532,1664385843,2022-09-28 13:24:03+00:00,1.090705
282,18446744073709552531,1664384730,2022-09-28 13:05:30+00:00,1.08735999
283,18446744073709552530,1664382268,2022-09-28 12:24:28+00:00,1.083125
284,18446744073709552529,1664381036,2022-09-28 12:03:56+00:00,1.0869802
285,18446744073709552528,1664380892,2022-09-28 12:01:32+00:00,1.083138
286,18446744073709552527,1664380201,2022-09-28 11:50:01+00:00,1.0798436
287,18446744073709552526,1664376384,2022-09-28 10:46:24+00:00,1.07507
288,18446744073709552525,1664375334,2022-09-28 10:28:54+00:00,1.0713125
289,18446744073709552524,1664372752,2022-09-28 09:45:52+00:00,1.06794
290,18446744073709552523,1664370649,2022-09-28 09:10:49+00:00,1.064015
291,18446744073709552522,1664368790,2022-09-28 08:39:50+00:00,1.06729
292,18446744073709552521,1664368430,2022-09-28 08:33:50+00:00,1.06369
293,18446744073709552520,1664366777,2022-09-28 08:06:17+00:00,1.06024
294,18446744073709552519,1664363866,2022-09-28 07:17:46+00:00,1.05677
295,18446744073709552518,1664363144,2022-09-28 07:05:44+00:00,1.06015
296,18446744073709552517,1664362994,2022-09-28 07:03:14+00:00,1.06336
297,18446744073709552516,1664362184,2022-09-28 06:49:44+00:00,1.06686
298,18446744073709552515,1664361764,2022-09-28 06:42:44+00:00,1.0704
299,18446744073709552514,1664360984,2022-09-28 06:29:44+00:00,1.06664
300,18446744073709552513,1664359902,2022-09-28 06:11:42+00:00,1.07003499
301,18446744073709552512,1664359632,2022-09-28 06:07:12+00:00,1.06681
302,18446744073709552511,1664359542,2022-09-28 06:05:42+00:00,1.0700222
303,18446744073709552510,1664359485,2022-09-28 06:04:45+00:00,1.0735258
304,18446744073709552509,1664359422,2022-09-28 06:03:42+00:00,1.07822
305,18446744073709552508,1664359392,2022-09-28 06:03:12+00:00,1.0746125
306,18446744073709552507,1664351196,2022-09-28 03:46:36+00:00,1.0684
307,18446744073709552506,1664348314,2022-09-28 02:58:34+00:00,1.0652
308,18446744073709552505,1664344771,2022-09-28 01:59:31+00:00,1.06848
309,18446744073709552504,1664332374,2022-09-27 22:32:54+00:00,1.0652122
0,18446744073709552503,1664327096,2022-09-27 21:04:56+00:00,1.0685
1,18446744073709552502,1664304640,2022-09-27 14:50:40+00:00,1.07188
2,18446744073709552501,1664297518,2022-09-27 12:51:58+00:00,1.0681021
3,18446744073709552500,1664295718,2022-09-27 12:21:58+00:00,1.0713406
4,18446744073709552499,1664294489,2022-09-27 12:01:29+00:00,1.07459
5,18446744073709552498,1664293647,2022-09-27 11:47:27+00:00,1.07805999
6,18446744073709552497,1664292599,2022-09-27 11:29:59+00:00,1.074835
7,18446744073709552496,1664291335,2022-09-27 11:08:55+00:00,1.0787
8,18446744073709552495,1664287673,2022-09-27 10:07:53+00:00,1.075311
9,18446744073709552494,1664286445,2022-09-27 09:47:25+00:00,1.07856
10,18446744073709552493,1664286112,2022-09-27 09:41:52+00:00,1.07854
11,18446744073709552492,1664285271,2022-09-27 09:27:51+00:00,1.07499
12,18446744073709552491,1664283349,2022-09-27 08:55:49+00:00,1.0786207
13,18446744073709552490,1664275245,2022-09-27 06:40:45+00:00,1.0819075
14,18446744073709552489,1664270052,2022-09-27 05:14:12+00:00,1.07866
15,18446744073709552488,1664267530,2022-09-27 04:32:10+00:00,1.0822025
16,18446744073709552487,1664266117,2022-09-27 04:08:37+00:00,1.07883
17,18446744073709552486,1664263687,2022-09-27 03:28:07+00:00,1.08208
18,18446744073709552485,1664261284,2022-09-27 02:48:04+00:00,1.07828
19,18446744073709552484,1664257538,2022-09-27 01:45:38+00:00,1.08182
20,18446744073709552483,1664250212,2022-09-26 23:43:32+00:00,1.078283
21,18446744073709552482,1664243395,2022-09-26 21:49:55+00:00,1.0750376
22,18446744073709552481,1664239971,2022-09-26 20:52:51+00:00,1.078725
23,18446744073709552480,1664236668,2022-09-26 19:57:48+00:00,1.07544
24,18446744073709552479,1664235498,2022-09-26 19:38:18+00:00,1.07184
25,18446744073709552478,1664218205,2022-09-26 14:50:05+00:00,1.0686
26,18446744073709552477,1664214331,2022-09-26 13:45:31+00:00,1.0652009
27,18446744073709552476,1664210788,2022-09-26 12:46:28+00:00,1.068478
28,18446744073709552475,1664209438,2022-09-26 12:23:58+00:00,1.06527
29,18446744073709552474,1664208145,2022-09-26 12:02:25+00:00,1.06926
30,18446744073709552473,1664207815,2022-09-26 11:56:55+00:00,1.07261499
31,18446744073709552472,1664206555,2022-09-26 11:35:55+00:00,1.0682391
32,18446744073709552471,1664206495,2022-09-26 11:34:55+00:00,1.07207
33,18446744073709552470,1664206405,2022-09-26 11:33:25+00:00,1.0763
34,18446744073709552469,1664202922,2022-09-26 10:35:22+00:00,1.08084
35,18446744073709552468,1664202352,2022-09-26 10:25:52+00:00,1.0842205
36,18446744073709552467,1664201332,2022-09-26 10:08:52+00:00,1.0806838
37,18446744073709552466,1664201032,2022-09-26 10:03:52+00:00,1.08456
38,18446744073709552465,1664199802,2022-09-26 09:43:22+00:00,1.08795
39,18446744073709552464,1664197969,2022-09-26 09:12:49+00:00,1.08431
40,18446744073709552463,1664197488,2022-09-26 09:04:48+00:00,1.08762
41,18446744073709552462,1664196768,2022-09-26 08:52:48+00:00,1.0909925
42,18446744073709552461,1664196408,2022-09-26 08:46:48+00:00,1.08758
43,18446744073709552460,1664196348,2022-09-26 08:45:48+00:00,1.08431
44,18446744073709552459,1664194337,2022-09-26 08:12:17+00:00,1.0805055
45,18446744073709552458,1664193290,2022-09-26 07:54:50+00:00,1.07715
46,18446744073709552457,1664191993,2022-09-26 07:33:13+00:00,1.0804475
47,18446744073709552456,1664191723,2022-09-26 07:28:43+00:00,1.07699
48,18446744073709552455,1664188182,2022-09-26 06:29:42+00:00,1.07359
49,18446744073709552454,1664186265,2022-09-26 05:57:45+00:00,1.070121
50,18446744073709552453,1664184942,2022-09-26 05:35:42+00:00,1.0734
51,18446744073709552452,1664181216,2022-09-26 04:33:36+00:00,1.07752
52,18446744073709552451,1664179926,2022-09-26 04:12:06+00:00,1.07375
53,18446744073709552450,1664178066,2022-09-26 03:41:06+00:00,1.070218
54,18446744073709552449,1664177313,2022-09-26 03:28:33+00:00,1.0736115
55,18446744073709552448,1664176023,2022-09-26 03:07:03+00:00,1.07024
56,18446744073709552447,1664175336,2022-09-26 02:55:36+00:00,1.06537
57,18446744073709552446,1664174973,2022-09-26 02:49:33+00:00,1.06192
58,18446744073709552445,1664174613,2022-09-26 02:43:33+00:00,1.05869
59,18446744073709552444,1664173410,2022-09-26 02:23:30+00:00,1.06284
60,18446744073709552443,1664172210,2022-09-26 02:03:30+00:00,1.05848
61,18446744073709552442,1664165875,2022-09-26 00:17:55+00:00,1.05445
62,18446744073709552441,1664164615,2022-09-25 23:56:55+00:00,1.05043
63,18446744073709552440,1664163925,2022-09-25 23:45:25+00:00,1.04728
64,18446744073709552439,1664163385,2022-09-25 23:36:25+00:00,1.05254
65,18446744073709552438,1664161792,2022-09-25 23:09:52+00:00,1.0558324
66,18446744073709552437,1664160953,2022-09-25 22:55:53+00:00,1.0525675
67,18446744073709552436,1664160143,2022-09-25 22:42:23+00:00,1.05573499
68,18446744073709552435,1664158730,2022-09-25 22:18:50+00:00,1.0592
69,18446744073709552434,1664156389,2022-09-25 21:39:49+00:00,1.0560108
70,18446744073709552433,1664155969,2022-09-25 21:32:49+00:00,1.0525762
71,18446744073709552432,1664155549,2022-09-25 21:25:49+00:00,1.047453
72,18446744073709552431,1664155219,2022-09-25 21:20:19+00:00,1.05252
73,18446744073709552430,1664154709,2022-09-25 21:11:49+00:00,1.0491925
74,18446744073709552429,1664154411,2022-09-25 21:06:51+00:00,1.05301
75,18446744073709552428,1664154227,2022-09-25 21:03:47+00:00,1.04803
76,18446744073709552427,1664154047,2022-09-25 21:00:47+00:00,1.04009
77,18446744073709552426,1664154017,2022-09-25 21:00:17+00:00,1.05797
78,18446744073709552425,1664153897,2022-09-25 20:58:17+00:00,1.06745
79,18446744073709552424,1664153447,2022-09-25 20:50:47+00:00,1.07077
80,18446744073709552423,1664153057,2022-09-25 20:44:17+00:00,1.07504
81,18446744073709552422,1664149424,2022-09-25 19:43:44+00:00,1.07841
82,18446744073709552421,1664140601,2022-09-25 17:16:41+00:00,1.0819116
83,18446744073709552420,1664136038,2022-09-25 16:00:38+00:00,1.0786207
84,18446744073709552419,1664135139,2022-09-25 15:45:39+00:00,1.0818725
85,18446744073709552418,1664131956,2022-09-25 14:52:36+00:00,1.085275
86,18446744073709552417,1664045528,2022-09-24 14:52:08+00:00,1.08534999
87,18446744073709552416,1663959093,2022-09-23 14:51:33+00:00,1.086155
88,18446744073709552415,1663950775,2022-09-23 12:32:55+00:00,1.08948
89,18446744073709552414,1663944591,2022-09-23 10:49:51+00:00,1.0928175
90,18446744073709552413,1663943149,2022-09-23 10:25:49+00:00,1.09654499
91,18446744073709552412,1663941739,2022-09-23 10:02:19+00:00,1.1005459
92,18446744073709552411,1663940571,2022-09-23 09:42:51+00:00,1.1040208
93,18446744073709552410,1663934687,2022-09-23 08:04:47+00:00,1.10742
94,18446744073709552409,1663930396,2022-09-23 06:53:16+00:00,1.10398
95,18446744073709552408,1663929160,2022-09-23 06:32:40+00:00,1.10806
96,18446744073709552407,1663926250,2022-09-23 05:44:10+00:00,1.11219
97,18446744073709552406,1663926190,2022-09-23 05:43:10+00:00,1.1157
98,18446744073709552405,1663923727,2022-09-23 05:02:07+00:00,1.1193
99,18446744073709552404,1663922136,2022-09-23 04:35:36+00:00,1.11567
100,18446744073709552403,1663916586,2022-09-23 03:03:06+00:00,1.11916
101,18446744073709552402,1663906076,2022-09-23 00:07:56+00:00,1.122565
102,18446744073709552401,1663859519,2022-09-22 11:11:59+00:00,1.12604755
103,18446744073709552400,1663857238,2022-09-22 10:33:58+00:00,1.129495
104,18446744073709552399,1663854355,2022-09-22 09:45:55+00:00,1.125715
105,18446744073709552398,1663852855,2022-09-22 09:20:55+00:00,1.1293
106,18446744073709552397,1663848961,2022-09-22 08:16:01+00:00,1.132715
107,18446744073709552396,1663845072,2022-09-22 07:11:12+00:00,1.1292325
108,18446744073709552395,1663844682,2022-09-22 07:04:42+00:00,1.13281
109,18446744073709552394,1663844502,2022-09-22 07:01:42+00:00,1.129175
110,18446744073709552393,1663843661,2022-09-22 06:47:41+00:00,1.134255
111,18446744073709552392,1663838437,2022-09-22 05:20:37+00:00,1.13078
112,18446744073709552391,1663836184,2022-09-22 04:43:04+00:00,1.13424
113,18446744073709552390,1663834714,2022-09-22 04:18:34+00:00,1.13067
114,18446744073709552389,1663832945,2022-09-22 03:49:05+00:00,1.12721
115,18446744073709552388,1663805979,2022-09-21 20:19:39+00:00,1.12344
116,18446744073709552387,1663793802,2022-09-21 16:56:42+00:00,1.12706
117,18446744073709552386,1663787499,2022-09-21 15:11:39+00:00,1.13053
118,18446744073709552385,1663786569,2022-09-21 14:56:09+00:00,1.1344686
119,18446744073709552384,1663785276,2022-09-21 14:34:36+00:00,1.13091
120,18446744073709552383,1663783326,2022-09-21 14:02:06+00:00,1.1265675
121,18446744073709552382,1663778042,2022-09-21 12:34:02+00:00,1.13168
122,18446744073709552381,1663744598,2022-09-21 03:16:38+00:00,1.13511
123,18446744073709552380,1663742558,2022-09-21 02:42:38+00:00,1.13158
124,18446744073709552379,1663742015,2022-09-21 02:33:35+00:00,1.13504
125,18446744073709552378,1663680653,2022-09-20 09:30:53+00:00,1.138591
126,18446744073709552377,1663667115,2022-09-20 05:45:15+00:00,1.142061
127,18446744073709552376,1663658469,2022-09-20 03:21:09+00:00,1.14558
128,18446744073709552375,1663638806,2022-09-19 21:53:26+00:00,1.14215
129,18446744073709552374,1663632351,2022-09-19 20:05:51+00:00,1.1457135
130,18446744073709552373,1663614277,2022-09-19 15:04:37+00:00,1.142265
131,18446744073709552372,1663567626,2022-09-19 02:07:06+00:00,1.13882
132,18446744073709552371,1663487833,2022-09-18 03:57:13+00:00,1.14236
133,18446744073709552370,1663401405,2022-09-17 03:56:45+00:00,1.14237
134,18446744073709552369,1663400382,2022-09-17 03:39:42+00:00,1.147475
135,18446744073709552368,1663344811,2022-09-16 12:13:31+00:00,1.14057249
136,18446744073709552367,1663340096,2022-09-16 10:54:56+00:00,1.1442434
137,18446744073709552366,1663325567,2022-09-16 06:52:47+00:00,1.1406541
138,18446744073709552365,1663314428,2022-09-16 03:47:08+00:00,1.13718
139,18446744073709552364,1663314008,2022-09-16 03:40:08+00:00,1.14068
140,18446744073709552363,1663308305,2022-09-16 02:05:05+00:00,1.1442302
141,18446744073709552362,1663257241,2022-09-15 11:54:01+00:00,1.147675
142,18446744073709552361,1663220135,2022-09-15 01:35:35+00:00,1.1511984
143,18446744073709552360,1663178992,2022-09-14 14:09:52+00:00,1.154663
144,18446744073709552359,1663167342,2022-09-14 10:55:42+00:00,1.15816
145,18446744073709552358,1663142753,2022-09-14 04:05:53+00:00,1.15447
146,18446744073709552357,1663094771,2022-09-13 14:46:11+00:00,1.15075
147,18446744073709552356,1663079890,2022-09-13 10:38:10+00:00,1.15425
148,18446744073709552355,1663077038,2022-09-13 09:50:38+00:00,1.15776
149,18446744073709552354,1663074155,2022-09-13 09:02:35+00:00,1.15426
150,18446744073709552353,1663072655,2022-09-13 08:37:35+00:00,1.158545
151,18446744073709552352,1663072355,2022-09-13 08:32:35+00:00,1.16338
152,18446744073709552351,1663072304,2022-09-13 08:31:44+00:00,1.16711
153,18446744073709552350,1663049626,2022-09-13 02:13:46+00:00,1.171965
154,18446744073709552349,1662966718,2022-09-12 03:11:58+00:00,1.1681288
155,18446744073709552348,1662965848,2022-09-12 02:57:28+00:00,1.1645875
156,18446744073709552347,1662934849,2022-09-11 18:20:49+00:00,1.16102
157,18446744073709552346,1662924973,2022-09-11 15:36:13+00:00,1.1647265
158,18446744073709552345,1662895917,2022-09-11 07:31:57+00:00,1.15939745
159,18446744073709552344,1662809482,2022-09-10 07:31:22+00:00,1.15939
160,18446744073709552343,1662723058,2022-09-09 07:30:58+00:00,1.15844
161,18446744073709552342,1662708109,2022-09-09 03:21:49+00:00,1.1621
162,18446744073709552341,1662696421,2022-09-09 00:07:01+00:00,1.158595
163,18446744073709552340,1662684355,2022-09-08 20:45:55+00:00,1.155084
164,18446744073709552339,1662658716,2022-09-08 13:38:36+00:00,1.151555
165,18446744073709552338,1662642701,2022-09-08 09:11:41+00:00,1.14811
166,18446744073709552337,1662640958,2022-09-08 08:42:38+00:00,1.15184
167,18446744073709552336,1662637235,2022-09-08 07:40:35+00:00,1.15538
168,18446744073709552335,1662633569,2022-09-08 06:39:29+00:00,1.1516889
169,18446744073709552334,1662626270,2022-09-08 04:37:50+00:00,1.14812
170,18446744073709552333,1662571396,2022-09-07 13:23:16+00:00,1.1515962
171,18446744073709552332,1662565027,2022-09-07 11:37:07+00:00,1.14809
172,18446744073709552331,1662548398,2022-09-07 06:59:58+00:00,1.14435
173,18446744073709552330,1662542782,2022-09-07 05:26:22+00:00,1.147842
174,18446744073709552329,1662537529,2022-09-07 03:58:49+00:00,1.15146
175,18446744073709552328,1662512642,2022-09-06 21:04:02+00:00,1.1479
176,18446744073709552327,1662486645,2022-09-06 13:50:45+00:00,1.151375
177,18446744073709552326,1662477024,2022-09-06 11:10:24+00:00,1.154945
178,18446744073709552325,1662472875,2022-09-06 10:01:15+00:00,1.1514815
179,18446744073709552324,1662469215,2022-09-06 09:00:15+00:00,1.1549878
180,18446744073709552323,1662456634,2022-09-06 05:30:34+00:00,1.15855
181,18446744073709552322,1662452551,2022-09-06 04:22:31+00:00,1.15500999
182,18446744073709552321,1662424606,2022-09-05 20:36:46+00:00,1.15853
183,18446744073709552320,1662416046,2022-09-05 18:14:06+00:00,1.1550145
184,18446744073709552319,1662372135,2022-09-05 06:02:15+00:00,1.15129
185,18446744073709552318,1662321341,2022-09-04 15:55:41+00:00,1.14779
186,18446744073709552317,1662309995,2022-09-04 12:46:35+00:00,1.15128
187,18446744073709552316,1662223567,2022-09-03 12:46:07+00:00,1.15128
188,18446744073709552315,1662137132,2022-09-02 12:45:32+00:00,1.15234
189,18446744073709552314,1662078537,2022-09-01 20:28:57+00:00,1.15585499
190,18446744073709552313,1662041384,2022-09-01 10:09:44+00:00,1.15233
191,18446744073709552312,1662029549,2022-09-01 06:52:29+00:00,1.15589
192,18446744073709552311,1661989971,2022-08-31 19:52:51+00:00,1.159565
193,18446744073709552310,1661938535,2022-08-31 05:35:35+00:00,1.16308
194,18446744073709552309,1661872832,2022-08-30 11:20:32+00:00,1.16659
195,18446744073709552308,1661870523,2022-08-30 10:42:03+00:00,1.16299
196,18446744073709552307,1661868450,2022-08-30 10:07:30+00:00,1.16659
197,18446744073709552306,1661862176,2022-08-30 08:22:56+00:00,1.1701518
198,18446744073709552305,1661846863,2022-08-30 04:07:43+00:00,1.17383
199,18446744073709552304,1661784752,2022-08-29 10:52:32+00:00,1.170315
200,18446744073709552303,1661782651,2022-08-29 10:17:31+00:00,1.17385
201,18446744073709552302,1661769922,2022-08-29 06:45:22+00:00,1.17033
202,18446744073709552301,1661736478,2022-08-28 21:27:58+00:00,1.1668
203,18446744073709552300,1661728582,2022-08-28 19:16:22+00:00,1.17035
204,18446744073709552299,1661699654,2022-08-28 11:14:14+00:00,1.17391
205,18446744073709552298,1661613228,2022-08-27 11:13:48+00:00,1.173635
206,18446744073709552297,1661526822,2022-08-26 11:13:42+00:00,1.1768
207,18446744073709552296,1661524842,2022-08-26 10:40:42+00:00,1.18075
208,18446744073709552295,1661523761,2022-08-26 10:22:41+00:00,1.18452855
209,18446744073709552294,1661523053,2022-08-26 10:10:53+00:00,1.188407
210,18446744073709552293,1661522633,2022-08-26 10:03:53+00:00,1.18321
211,18446744073709552292,1661520470,2022-08-26 09:27:50+00:00,1.18711
212,18446744073709552291,1661506243,2022-08-26 05:30:43+00:00,1.18338
213,18446744073709552290,1661496694,2022-08-26 02:51:34+00:00,1.179606
214,18446744073709552289,1661447731,2022-08-25 13:15:31+00:00,1.183348
215,18446744073709552288,1661443408,2022-08-25 12:03:28+00:00,1.17979
216,18446744073709552287,1661438155,2022-08-25 10:35:55+00:00,1.1835125
217,18446744073709552286,1661434434,2022-08-25 09:33:54+00:00,1.17993
218,18446744073709552285,1661403032,2022-08-25 00:50:32+00:00,1.1835
219,18446744073709552284,1661352470,2022-08-24 10:47:50+00:00,1.17944
220,18446744073709552283,1661347913,2022-08-24 09:31:53+00:00,1.175885
221,18446744073709552282,1661335568,2022-08-24 06:06:08+00:00,1.179615
222,18446744073709552281,1661274841,2022-08-23 13:14:01+00:00,1.18331
223,18446744073709552280,1661267872,2022-08-23 11:17:52+00:00,1.18696
224,18446744073709552279,1661265442,2022-08-23 10:37:22+00:00,1.18326999
225,18446744073709552278,1661263915,2022-08-23 10:11:55+00:00,1.1868732
226,18446744073709552277,1661262511,2022-08-23 09:48:31+00:00,1.18322
227,18446744073709552276,1661261821,2022-08-23 09:37:01+00:00,1.17937499
228,18446744073709552275,1661240179,2022-08-23 03:36:19+00:00,1.175695
229,18446744073709552274,1661236663,2022-08-23 02:37:43+00:00,1.1721575
230,18446744073709552273,1661182747,2022-08-22 11:39:07+00:00,1.17577
231,18446744073709552272,1661154860,2022-08-22 03:54:20+00:00,1.179315
232,18446744073709552271,1661092720,2022-08-21 10:38:40+00:00,1.18288
233,18446744073709552270,1661006305,2022-08-20 10:38:25+00:00,1.18284
234,18446744073709552269,1660919871,2022-08-19 10:37:51+00:00,1.18098
235,18446744073709552268,1660906513,2022-08-19 06:55:13+00:00,1.18454
236,18446744073709552267,1660899043,2022-08-19 04:50:43+00:00,1.1881282
237,18446744073709552266,1660868086,2022-08-18 20:14:46+00:00,1.19173
238,18446744073709552265,1660841389,2022-08-18 12:49:49+00:00,1.19537
239,18446744073709552264,1660831392,2022-08-18 10:03:12+00:00,1.1989977
240,18446744073709552263,1660829562,2022-08-18 09:32:42+00:00,1.2028
241,18446744073709552262,1660816654,2022-08-18 05:57:34+00:00,1.20655
242,18446744073709552261,1660802362,2022-08-18 01:59:22+00:00,1.20278
243,18446744073709552260,1660759433,2022-08-17 14:03:53+00:00,1.2066
244,18446744073709552259,1660752054,2022-08-17 12:00:54+00:00,1.202925
245,18446744073709552258,1660736739,2022-08-17 07:45:39+00:00,1.20657
246,18446744073709552257,1660660249,2022-08-16 10:30:49+00:00,1.21034
247,18446744073709552256,1660657096,2022-08-16 09:38:16+00:00,1.2066947
248,18446744073709552255,1660633501,2022-08-16 03:05:01+00:00,1.20294
249,18446744073709552254,1660586338,2022-08-15 13:58:58+00:00,1.2067
250,18446744073709552253,1660566647,2022-08-15 08:30:47+00:00,1.210352
251,18446744073709552252,1660554908,2022-08-15 05:15:08+00:00,1.2064763
252,18446744073709552251,1660547461,2022-08-15 03:11:01+00:00,1.21021
253,18446744073709552250,1660474127,2022-08-14 06:48:47+00:00,1.2138925
254,18446744073709552249,1660387694,2022-08-13 06:48:14+00:00,1.2138925
255,18446744073709552248,1660301268,2022-08-12 06:47:48+00:00,1.21187
256,18446744073709552247,1660295805,2022-08-12 05:16:45+00:00,1.21555
257,18446744073709552246,1660245372,2022-08-11 15:16:12+00:00,1.219251
258,18446744073709552245,1660158940,2022-08-10 15:15:40+00:00,1.22145
259,18446744073709552244,1660142908,2022-08-10 10:48:28+00:00,1.22525
260,18446744073709552243,1660134772,2022-08-10 08:32:52+00:00,1.22154
261,18446744073709552242,1660134683,2022-08-10 08:31:23+00:00,1.21775
262,18446744073709552241,1660132192,2022-08-10 07:49:52+00:00,1.2108444
263,18446744073709552240,1660067045,2022-08-09 13:44:05+00:00,1.207155
264,18446744073709552239,1660033991,2022-08-09 04:33:11+00:00,1.21107
265,18446744073709552238,1659984516,2022-08-08 14:48:36+00:00,1.20741
266,18446744073709552237,1659959628,2022-08-08 07:53:48+00:00,1.21106
267,18446744073709552236,1659952092,2022-08-08 05:48:12+00:00,1.207425
268,18446744073709552235,1659944089,2022-08-08 03:34:49+00:00,1.21106
269,18446744073709552234,1659891973,2022-08-07 13:06:13+00:00,1.20724945
270,18446744073709552233,1659805544,2022-08-06 13:05:44+00:00,1.20716
271,18446744073709552232,1659719111,2022-08-05 13:05:11+00:00,1.208175
272,18446744073709552231,1659707524,2022-08-05 09:52:04+00:00,1.20455
273,18446744073709552230,1659705814,2022-08-05 09:23:34+00:00,1.20074
274,18446744073709552229,1659703786,2022-08-05 08:49:46+00:00,1.20458
275,18446744073709552228,1659702703,2022-08-05 08:31:43+00:00,1.20844
276,18446744073709552227,1659660944,2022-08-04 20:55:44+00:00,1.213715
277,18446744073709552226,1659639542,2022-08-04 14:59:02+00:00,1.21740499
278,18446744073709552225,1659626543,2022-08-04 11:22:23+00:00,1.21364
279,18446744073709552224,1659612728,2022-08-04 07:32:08+00:00,1.20988
280,18446744073709552223,1659611138,2022-08-04 07:05:38+00:00,1.21362
281,18446744073709552222,1659607445,2022-08-04 06:04:05+00:00,1.218585
282,18446744073709552221,1659543727,2022-08-03 12:22:07+00:00,1.21463
283,18446744073709552220,1659539222,2022-08-03 11:07:02+00:00,1.210505
284,18446744073709552219,1659535289,2022-08-03 10:01:29+00:00,1.21416
285,18446744073709552218,1659496654,2022-08-02 23:17:34+00:00,1.21826
286,18446744073709552217,1659484375,2022-08-02 19:52:55+00:00,1.2146
287,18446744073709552216,1659462161,2022-08-02 13:42:41+00:00,1.2183245
288,18446744073709552215,1659423688,2022-08-02 03:01:28+00:00,1.222005
289,18446744073709552214,1659359708,2022-08-01 09:15:08+00:00,1.22569
290,18446744073709552213,1659353118,2022-08-01 07:25:18+00:00,1.222
291,18446744073709552212,1659349245,2022-08-01 06:20:45+00:00,1.22571
292,18446744073709552211,1659343122,2022-08-01 04:38:42+00:00,1.2219859
293,18446744073709552210,1659279670,2022-07-31 11:01:10+00:00,1.21804499
294,18446744073709552209,1659193237,2022-07-30 11:00:37+00:00,1.21804499
295,18446744073709552208,1659106819,2022-07-29 11:00:19+00:00,1.21679499
296,18446744073709552207,1659106177,2022-07-29 10:49:37+00:00,1.21273
297,18446744073709552206,1659100478,2022-07-29 09:14:38+00:00,1.208984
298,18446744073709552205,1659097921,2022-07-29 08:32:01+00:00,1.2126393
299,18446744073709552204,1659083663,2022-07-29 04:34:23+00:00,1.21639
300,18446744073709552203,1659081920,2022-07-29 04:05:20+00:00,1.2201223
301,18446744073709552202,1659078348,2022-07-29 03:05:48+00:00,1.22409
302,18446744073709552201,1659075257,2022-07-29 02:14:17+00:00,1.2203902
303,18446744073709552200,1659037520,2022-07-28 15:45:20+00:00,1.2167374
304,18446744073709552199,1659002423,2022-07-28 06:00:23+00:00,1.213095
305,18446744073709552198,1658948148,2022-07-27 14:55:48+00:00,1.21676
306,18446744073709552197,1658947365,2022-07-27 14:42:45+00:00,1.2129975
307,18446744073709552196,1658946075,2022-07-27 14:21:15+00:00,1.207335
308,18446744073709552195,1658927129,2022-07-27 09:05:29+00:00,1.2036523
309,18446744073709552194,1658913260,2022-07-27 05:14:20+00:00,1.20729
310,18446744073709552193,1658846102,2022-07-26 10:35:02+00:00,1.20358249
311,18446744073709552192,1658830493,2022-07-26 06:14:53+00:00,1.19989
312,18446744073709552191,1658823408,2022-07-26 04:16:48+00:00,1.2035396
313,18446744073709552190,1658798520,2022-07-25 21:22:00+00:00,1.207226
314,18446744073709552189,1658759762,2022-07-25 10:36:02+00:00,1.203525
315,18446744073709552188,1658748142,2022-07-25 07:22:22+00:00,1.207875
316,18446744073709552187,1658740308,2022-07-25 05:11:48+00:00,1.20408075
317,18446744073709552186,1658736344,2022-07-25 04:05:44+00:00,1.200465
318,18446744073709552185,1658710286,2022-07-24 20:51:26+00:00,1.19681
319,18446744073709552184,1658677979,2022-07-24 11:52:59+00:00,1.20045
320,18446744073709552183,1658591547,2022-07-23 11:52:27+00:00,1.200375
321,18446744073709552182,1658505116,2022-07-22 11:51:56+00:00,1.200651
322,18446744073709552181,1658498599,2022-07-22 10:03:19+00:00,1.204445
323,18446744073709552180,1658497699,2022-07-22 09:48:19+00:00,1.200645
324,18446744073709552179,1658492655,2022-07-22 08:24:15+00:00,1.19700499
325,18446744073709552178,1658484940,2022-07-22 06:15:40+00:00,1.1933
326,18446744073709552177,1658481157,2022-07-22 05:12:37+00:00,1.19698
327,18446744073709552176,1658475482,2022-07-22 03:38:02+00:00,1.1930305
328,18446744073709552175,1658418170,2022-07-21 11:42:50+00:00,1.1968575
329,18446744073709552174,1658411689,2022-07-21 09:54:49+00:00,1.19318
330,18446744073709552173,1658410606,2022-07-21 09:36:46+00:00,1.18947499
331,18446744073709552172,1658409346,2022-07-21 09:15:46+00:00,1.193147
332,18446744073709552171,1658407183,2022-07-21 08:39:43+00:00,1.19692
333,18446744073709552170,1658404662,2022-07-21 07:57:42+00:00,1.19318
334,18446744073709552169,1658399437,2022-07-21 06:30:37+00:00,1.1968307
335,18446744073709552168,1658390821,2022-07-21 04:07:01+00:00,1.19319
336,18446744073709552167,1658314209,2022-07-20 06:50:09+00:00,1.1969907
337,18446744073709552166,1658304212,2022-07-20 04:03:32+00:00,1.200615
338,18446744073709552165,1658217783,2022-07-19 04:03:03+00:00,1.2015875
339,18446744073709552164,1658213155,2022-07-19 02:45:55+00:00,1.197775
340,18446744073709552163,1658191871,2022-07-18 20:51:11+00:00,1.19418
341,18446744073709552162,1658163380,2022-07-18 12:56:20+00:00,1.197776
342,18446744073709552161,1658154734,2022-07-18 10:32:14+00:00,1.201385
343,18446744073709552160,1658137686,2022-07-18 05:48:06+00:00,1.1977675
344,18446744073709552159,1658129156,2022-07-18 03:25:56+00:00,1.194045
345,18446744073709552158,1658108981,2022-07-17 21:49:41+00:00,1.1901362
346,18446744073709552157,1658066803,2022-07-17 10:06:43+00:00,1.18647
347,18446744073709552156,1657980372,2022-07-16 10:06:12+00:00,1.18647
348,18446744073709552155,1657893940,2022-07-15 10:05:40+00:00,1.1857754
349,18446744073709552154,1657892860,2022-07-15 09:47:40+00:00,1.182035
350,18446744073709552153,1657890337,2022-07-15 09:05:37+00:00,1.1855927
351,18446744073709552152,1657822820,2022-07-14 14:20:20+00:00,1.18156
352,18446744073709552151,1657817927,2022-07-14 12:58:47+00:00,1.17783
353,18446744073709552150,1657813242,2022-07-14 11:40:42+00:00,1.1814187
354,18446744073709552149,1657805767,2022-07-14 09:36:07+00:00,1.177865
355,18446744073709552148,1657803547,2022-07-14 08:59:07+00:00,1.18152
356,18446744073709552147,1657762567,2022-07-13 21:36:07+00:00,1.18517
357,18446744073709552146,1657743742,2022-07-13 16:22:22+00:00,1.18884
358,18446744073709552145,1657723721,2022-07-13 10:48:41+00:00,1.1924351
359,18446744073709552144,1657723178,2022-07-13 10:39:38+00:00,1.18871
360,18446744073709552143,1657721528,2022-07-13 10:12:08+00:00,1.18495
361,18446744073709552142,1657718074,2022-07-13 09:14:34+00:00,1.18856
362,18446744073709552141,1657715865,2022-07-13 08:37:45+00:00,1.18481
363,18446744073709552140,1657715506,2022-07-13 08:31:46+00:00,1.1885
364,18446744073709552139,1657709413,2022-07-13 06:50:13+00:00,1.19236
365,18446744073709552138,1657702147,2022-07-13 04:49:07+00:00,1.18866
366,18446744073709552137,1657692088,2022-07-13 02:01:28+00:00,1.192425
367,18446744073709552136,1657633151,2022-07-12 09:39:11+00:00,1.18869999
368,18446744073709552135,1657624624,2022-07-12 07:17:04+00:00,1.1851105
369,18446744073709552134,1657613788,2022-07-12 04:16:28+00:00,1.181445
370,18446744073709552133,1657605967,2022-07-12 02:06:07+00:00,1.18503
371,18446744073709552132,1657546856,2022-07-11 09:40:56+00:00,1.1887214
372,18446744073709552131,1657542803,2022-07-11 08:33:23+00:00,1.1923357
373,18446744073709552130,1657524580,2022-07-11 03:29:40+00:00,1.195929
374,18446744073709552129,1657502185,2022-07-10 21:16:25+00:00,1.1996025
375,18446744073709552128,1657463365,2022-07-10 10:29:25+00:00,1.20326835
376,18446744073709552127,1657376937,2022-07-09 10:28:57+00:00,1.2032
377,18446744073709552126,1657290521,2022-07-08 10:28:41+00:00,1.20143
378,18446744073709552125,1657284188,2022-07-08 08:43:08+00:00,1.197775
379,18446744073709552124,1657282565,2022-07-08 08:16:05+00:00,1.20147
380,18446744073709552123,1657275452,2022-07-08 06:17:32+00:00,1.197835
381,18446744073709552122,1657266235,2022-07-08 03:43:55+00:00,1.19422
382,18446744073709552121,1657264852,2022-07-08 03:20:52+00:00,1.19838
383,18446744073709552120,1657221682,2022-07-07 15:21:22+00:00,1.20227
384,18446744073709552119,1657201391,2022-07-07 09:43:11+00:00,1.1986527
385,18446744073709552118,1657199168,2022-07-07 09:06:08+00:00,1.19506
386,18446744073709552117,1657181409,2022-07-07 04:10:09+00:00,1.19869
387,18446744073709552116,1657163457,2022-07-06 23:10:57+00:00,1.195015
388,18446744073709552115,1657105163,2022-07-06 06:59:23+00:00,1.19143
389,18446744073709552114,1657089937,2022-07-06 02:45:37+00:00,1.19519
390,18446744073709552113,1657087894,2022-07-06 02:11:34+00:00,1.1914
391,18446744073709552112,1657046406,2022-07-05 14:40:06+00:00,1.19512505
392,18446744073709552111,1657033527,2022-07-05 11:05:27+00:00,1.191535
393,18446744073709552110,1657027042,2022-07-05 09:17:22+00:00,1.195128
394,18446744073709552109,1657022749,2022-07-05 08:05:49+00:00,1.19886
395,18446744073709552108,1657016536,2022-07-05 06:22:16+00:00,1.2027471
396,18446744073709552107,1657008703,2022-07-05 04:11:43+00:00,1.2065
397,18446744073709552106,1656949108,2022-07-04 11:38:28+00:00,1.2104193
398,18446744073709552105,1656932238,2022-07-04 06:57:18+00:00,1.214138
399,18446744073709552104,1656872796,2022-07-03 14:26:36+00:00,1.21049987
400,18446744073709552103,1656786365,2022-07-02 14:26:05+00:00,1.21049987
401,18446744073709552102,1656699936,2022-07-01 14:25:36+00:00,1.207963
402,18446744073709552101,1656690088,2022-07-01 11:41:28+00:00,1.20432
403,18446744073709552100,1656681352,2022-07-01 09:15:52+00:00,1.2006255
404,18446744073709552099,1656675469,2022-07-01 07:37:49+00:00,1.204342
405,18446744073709552098,1656667723,2022-07-01 05:28:43+00:00,1.2079765
406,18446744073709552097,1656649174,2022-07-01 00:19:34+00:00,1.211684
407,18446744073709552096,1656595386,2022-06-30 09:23:06+00:00,1.215332
408,18446744073709552095,1656586711,2022-06-30 06:58:31+00:00,1.21155
409,18446744073709552094,1656569717,2022-06-30 02:15:17+00:00,1.215259
410,18446744073709552093,1656510635,2022-06-29 09:50:35+00:00,1.21147
411,18446744073709552092,1656503252,2022-06-29 07:47:32+00:00,1.215185
412,18446744073709552091,1656430181,2022-06-28 11:29:41+00:00,1.218858
413,18446744073709552090,1656418683,2022-06-28 08:18:03+00:00,1.22259
414,18446744073709552089,1656359916,2022-06-27 15:58:36+00:00,1.226465
415,18446744073709552088,1656342051,2022-06-27 11:00:51+00:00,1.230269
416,18446744073709552087,1656329323,2022-06-27 07:28:43+00:00,1.226517
417,18446744073709552086,1656313772,2022-06-27 03:09:32+00:00,1.23028875
418,18446744073709552085,1656264087,2022-06-26 13:21:27+00:00,1.22645061
419,18446744073709552084,1656177659,2022-06-25 13:20:59+00:00,1.226845
420,18446744073709552083,1656091229,2022-06-24 13:20:29+00:00,1.2264085
421,18446744073709552082,1656063137,2022-06-24 05:32:17+00:00,1.2301
422,18446744073709552081,1656012005,2022-06-23 15:20:05+00:00,1.2263455
423,18446744073709552080,1656000266,2022-06-23 12:04:26+00:00,1.222658
424,18446744073709552079,1655989969,2022-06-23 09:12:49+00:00,1.2265095
425,18446744073709552078,1655986366,2022-06-23 08:12:46+00:00,1.2226945
426,18446744073709552077,1655969854,2022-06-23 03:37:34+00:00,1.219
427,18446744073709552076,1655968594,2022-06-23 03:16:34+00:00,1.222688
428,18446744073709552075,1655917349,2022-06-22 13:02:29+00:00,1.2264525
429,18446744073709552074,1655909046,2022-06-22 10:44:06+00:00,1.23026
430,18446744073709552073,1655892382,2022-06-22 06:06:22+00:00,1.22658
431,18446744073709552072,1655888872,2022-06-22 05:07:52+00:00,1.222673
432,18446744073709552071,1655881906,2022-06-22 03:11:46+00:00,1.218977
433,18446744073709552070,1655877793,2022-06-22 02:03:13+00:00,1.2226583
434,18446744073709552069,1655810183,2022-06-21 07:16:23+00:00,1.22637
435,18446744073709552068,1655795836,2022-06-21 03:17:16+00:00,1.2301065
436,18446744073709552067,1655724745,2022-06-20 07:32:25+00:00,1.22639
437,18446744073709552066,1655648763,2022-06-19 10:26:03+00:00,1.22255068
438,18446744073709552065,1655562332,2022-06-18 10:25:32+00:00,1.22255
439,18446744073709552064,1655475924,2022-06-17 10:25:24+00:00,1.219419
440,18446744073709552063,1655474274,2022-06-17 09:57:54+00:00,1.22309
441,18446744073709552062,1655467254,2022-06-17 08:00:54+00:00,1.226889
442,18446744073709552061,1655450767,2022-06-17 03:26:07+00:00,1.230679
443,18446744073709552060,1655447857,2022-06-17 02:37:37+00:00,1.226869
444,18446744073709552059,1655434258,2022-06-16 22:50:58+00:00,1.230678
445,18446744073709552058,1655419366,2022-06-16 18:42:46+00:00,1.23442
446,18446744073709552057,1655397337,2022-06-16 12:35:37+00:00,1.238145
447,18446744073709552056,1655395080,2022-06-16 11:58:00+00:00,1.23436
448,18446744073709552055,1655392557,2022-06-16 11:15:57+00:00,1.230068
449,18446744073709552054,1655386213,2022-06-16 09:30:13+00:00,1.2254902
450,18446744073709552053,1655383264,2022-06-16 08:41:04+00:00,1.2212
451,18446744073709552052,1655382364,2022-06-16 08:26:04+00:00,1.2172854
452,18446744073709552051,1655379571,2022-06-16 07:39:31+00:00,1.2136217
453,18446744073709552050,1655379001,2022-06-16 07:30:01+00:00,1.20998
454,18446744073709552049,1655377771,2022-06-16 07:09:31+00:00,1.2061
455,18446744073709552048,1655377348,2022-06-16 07:02:28+00:00,1.20987
456,18446744073709552047,1655374136,2022-06-16 06:08:56+00:00,1.214609
457,18446744073709552046,1655369034,2022-06-16 04:43:54+00:00,1.210529
458,18446744073709552045,1655363937,2022-06-16 03:18:57+00:00,1.20683
459,18446744073709552044,1655362941,2022-06-16 03:02:21+00:00,1.21113
460,18446744073709552043,1655344625,2022-06-15 21:57:05+00:00,1.2148
461,18446744073709552042,1655320942,2022-06-15 15:22:22+00:00,1.21847
462,18446744073709552041,1655318692,2022-06-15 14:44:52+00:00,1.214521
463,18446744073709552040,1655318419,2022-06-15 14:40:19+00:00,1.21086
464,18446744073709552039,1655316501,2022-06-15 14:08:21+00:00,1.205124
465,18446744073709552038,1655314908,2022-06-15 13:41:48+00:00,1.2087513
466,18446744073709552037,1655306203,2022-06-15 11:16:43+00:00,1.205125
467,18446744073709552036,1655284495,2022-06-15 05:14:55+00:00,1.208894
468,18446744073709552035,1655280554,2022-06-15 04:09:14+00:00,1.205182
469,18446744073709552034,1655251344,2022-06-14 20:02:24+00:00,1.201274
470,18446744073709552033,1655235131,2022-06-14 15:32:11+00:00,1.1976765
471,18446744073709552032,1655234441,2022-06-14 15:20:41+00:00,1.19406
472,18446744073709552031,1655232218,2022-06-14 14:43:38+00:00,1.19766
473,18446744073709552030,1655216160,2022-06-14 10:16:00+00:00,1.201287
474,18446744073709552029,1655214687,2022-06-14 09:51:27+00:00,1.20512
475,18446744073709552028,1655204391,2022-06-14 06:59:51+00:00,1.2088
476,18446744073709552027,1655199798,2022-06-14 05:43:18+00:00,1.2126356
477,18446744073709552026,1655176196,2022-06-13 23:09:56+00:00,1.216425
478,18446744073709552025,1655148397,2022-06-13 15:26:37+00:00,1.212783
479,18446744073709552024,1655129905,2022-06-13 10:18:25+00:00,1.216619
480,18446744073709552023,1655123330,2022-06-13 08:28:50+00:00,1.22042
481,18446744073709552022,1655121653,2022-06-13 08:00:53+00:00,1.2166339
482,18446744073709552021,1655114142,2022-06-13 05:55:42+00:00,1.220314
483,18446744073709552020,1655102556,2022-06-13 02:42:36+00:00,1.2241
484,18446744073709552019,1655077876,2022-06-12 19:51:16+00:00,1.227854
485,18446744073709552018,1655053889,2022-06-12 13:11:29+00:00,1.23164995
486,18446744073709552017,1654967459,2022-06-11 13:10:59+00:00,1.23164995
487,18446744073709552016,1654881033,2022-06-10 13:10:33+00:00,1.230996
488,18446744073709552015,1654870287,2022-06-10 10:11:27+00:00,1.2347051
489,18446744073709552014,1654866050,2022-06-10 09:00:50+00:00,1.238743
490,18446744073709552013,1654861884,2022-06-10 07:51:24+00:00,1.242491
491,18446744073709552012,1654854434,2022-06-10 05:47:14+00:00,1.246338
492,18446744073709552011,1654801595,2022-06-09 15:06:35+00:00,1.25022
493,18446744073709552010,1654774918,2022-06-09 07:41:58+00:00,1.25403
494,18446744073709552009,1654763629,2022-06-09 04:33:49+00:00,1.250266
495,18446744073709552008,1654677199,2022-06-08 04:33:19+00:00,1.253196
496,18446744073709552007,1654613617,2022-06-07 10:53:37+00:00,1.25730975
497,18446744073709552006,1654609863,2022-06-07 09:51:03+00:00,1.2535412
498,18446744073709552005,1654589121,2022-06-07 04:05:21+00:00,1.248876
499,18446744073709552004,1654581613,2022-06-07 02:00:13+00:00,1.245082
500,18446744073709552003,1654577407,2022-06-07 00:50:07+00:00,1.24911
501,18446744073709552002,1654529166,2022-06-06 11:26:06+00:00,1.252897
502,18446744073709552001,1654503231,2022-06-06 04:13:51+00:00,1.25671
503,18446744073709552000,1654497646,2022-06-06 02:40:46+00:00,1.2526
504,18446744073709551999,1654444899,2022-06-05 12:01:39+00:00,1.24885
505,18446744073709551998,1654358470,2022-06-04 12:01:10+00:00,1.2489
506,18446744073709551997,1654272037,2022-06-03 12:00:37+00:00,1.24941
507,18446744073709551996,1654267925,2022-06-03 10:52:05+00:00,1.253196
508,18446744073709551995,1654264712,2022-06-03 09:58:32+00:00,1.25707
509,18446744073709551994,1654260151,2022-06-03 08:42:31+00:00,1.252961
510,18446744073709551993,1654255707,2022-06-03 07:28:27+00:00,1.256856
511,18446744073709551992,1654169285,2022-06-02 07:28:05+00:00,1.255477
512,18446744073709551991,1654153164,2022-06-02 02:59:24+00:00,1.251705
513,18446744073709551990,1654097653,2022-06-01 11:34:13+00:00,1.247956
514,18446744073709551989,1654092311,2022-06-01 10:05:11+00:00,1.252195
515,18446744073709551988,1654084624,2022-06-01 07:57:04+00:00,1.256391
516,18446744073709551987,1654008525,2022-05-31 10:48:45+00:00,1.2605
517,18446744073709551986,1654000928,2022-05-31 08:42:08+00:00,1.25632
518,18446744073709551985,1653979076,2022-05-31 02:37:56+00:00,1.26019
519,18446744073709551984,1653923056,2022-05-30 11:04:16+00:00,1.264055
520,18446744073709551983,1653836634,2022-05-29 11:03:54+00:00,1.26293504
521,18446744073709551982,1653750208,2022-05-28 11:03:28+00:00,1.26291009
522,18446744073709551981,1653663790,2022-05-27 11:03:10+00:00,1.26073
523,18446744073709551980,1653659467,2022-05-27 09:51:07+00:00,1.264547
524,18446744073709551979,1653643885,2022-05-27 05:31:25+00:00,1.260577
525,18446744073709551978,1653616266,2022-05-26 21:51:06+00:00,1.264415
526,18446744073709551977,1653591439,2022-05-26 14:57:19+00:00,1.259668
527,18446744073709551976,1653505019,2022-05-25 14:56:59+00:00,1.258144
528,18446744073709551975,1653489650,2022-05-25 10:40:50+00:00,1.254375
529,18446744073709551974,1653472807,2022-05-25 06:00:07+00:00,1.250365
530,18446744073709551973,1653408053,2022-05-24 12:00:53+00:00,1.25415
531,18446744073709551972,1653381576,2022-05-24 04:39:36+00:00,1.250376
532,18446744073709551971,1653381126,2022-05-24 04:32:06+00:00,1.2544061
533,18446744073709551970,1653375762,2022-05-24 03:02:42+00:00,1.25905
534,18446744073709551969,1653358863,2022-05-23 22:21:03+00:00,1.255073
535,18446744073709551968,1653297423,2022-05-23 05:17:03+00:00,1.25886
536,18446744073709551967,1653280641,2022-05-23 00:37:21+00:00,1.255084
537,18446744073709551966,1653265420,2022-05-22 20:23:40+00:00,1.251329
538,18446744073709551965,1653251403,2022-05-22 16:30:03+00:00,1.247575
539,18446744073709551964,1653164984,2022-05-21 16:29:44+00:00,1.24885
540,18446744073709551963,1653078571,2022-05-20 16:29:31+00:00,1.249213
541,18446744073709551962,1652992156,2022-05-19 16:29:16+00:00,1.24742
542,18446744073709551961,1652974803,2022-05-19 11:40:03+00:00,1.251205
543,18446744073709551960,1652967658,2022-05-19 09:40:58+00:00,1.24746
544,18446744073709551959,1652966005,2022-05-19 09:13:25+00:00,1.243611
545,18446744073709551958,1652948835,2022-05-19 04:27:15+00:00,1.23985
546,18446744073709551957,1652895757,2022-05-18 13:42:37+00:00,1.236079
547,18446744073709551956,1652860873,2022-05-18 04:01:13+00:00,1.2398026
548,18446744073709551955,1652857484,2022-05-18 03:04:44+00:00,1.24362
549,18446744073709551954,1652776304,2022-05-17 04:31:44+00:00,1.24759837
550,18446744073709551953,1652775011,2022-05-17 04:10:11+00:00,1.24384
551,18446744073709551952,1652771497,2022-05-17 03:11:37+00:00,1.240018
552,18446744073709551951,1652767415,2022-05-17 02:03:35+00:00,1.236202
553,18446744073709551950,1652728030,2022-05-16 15:07:10+00:00,1.232355
554,18446744073709551949,1652724398,2022-05-16 14:06:38+00:00,1.228655
555,18446744073709551948,1652667746,2022-05-15 22:22:26+00:00,1.2248905
556,18446744073709551947,1652663459,2022-05-15 21:10:59+00:00,1.22866
557,18446744073709551946,1652648081,2022-05-15 16:54:41+00:00,1.22411134
558,18446744073709551945,1652561653,2022-05-14 16:54:13+00:00,1.22638012
559,18446744073709551944,1652475224,2022-05-13 16:53:44+00:00,1.22517
560,18446744073709551943,1652453758,2022-05-13 10:55:58+00:00,1.221479
561,18446744073709551942,1652447905,2022-05-13 09:18:25+00:00,1.217805
562,18446744073709551941,1652440262,2022-05-13 07:11:02+00:00,1.221508
563,18446744073709551940,1652435730,2022-05-13 05:55:30+00:00,1.21781
564,18446744073709551939,1652409938,2022-05-12 22:45:38+00:00,1.22156
565,18446744073709551938,1652377786,2022-05-12 13:49:46+00:00,1.21787
566,18446744073709551937,1652350857,2022-05-12 06:20:57+00:00,1.22156
567,18446744073709551936,1652346296,2022-05-12 05:04:56+00:00,1.217733
568,18446744073709551935,1652323870,2022-05-11 22:51:10+00:00,1.221463
569,18446744073709551934,1652296892,2022-05-11 15:21:32+00:00,1.22518
570,18446744073709551933,1652288514,2022-05-11 13:01:54+00:00,1.228953
571,18446744073709551932,1652283081,2022-05-11 11:31:21+00:00,1.2327
572,18446744073709551931,1652275937,2022-05-11 09:32:17+00:00,1.236435
573,18446744073709551930,1652274800,2022-05-11 09:13:20+00:00,1.23266
574,18446744073709551929,1652272846,2022-05-11 08:40:46+00:00,1.22866
575,18446744073709551928,1652268072,2022-05-11 07:21:12+00:00,1.23346
576,18446744073709551927,1652259696,2022-05-11 05:01:36+00:00,1.23728
577,18446744073709551926,1652235342,2022-05-10 22:15:42+00:00,1.233441
578,18446744073709551925,1652195994,2022-05-10 11:19:54+00:00,1.229714
579,18446744073709551924,1652118082,2022-05-09 13:41:22+00:00,1.233676
580,18446744073709551923,1652113819,2022-05-09 12:30:19+00:00,1.23757
581,18446744073709551922,1652103792,2022-05-09 09:43:12+00:00,1.2336655
582,18446744073709551921,1652097966,2022-05-09 08:06:06+00:00,1.237547
583,18446744073709551920,1652093834,2022-05-09 06:57:14+00:00,1.233746
584,18446744073709551919,1652085036,2022-05-09 04:30:36+00:00,1.230043
585,18446744073709551918,1652079364,2022-05-09 02:56:04+00:00,1.226362
586,18446744073709551917,1652059666,2022-05-08 21:27:46+00:00,1.23023
587,18446744073709551916,1652011215,2022-05-08 08:00:15+00:00,1.23395
588,18446744073709551915,1651924791,2022-05-07 07:59:51+00:00,1.23395
589,18446744073709551914,1651838362,2022-05-06 07:59:22+00:00,1.233578
590,18446744073709551913,1651835030,2022-05-06 07:03:50+00:00,1.2374
591,18446744073709551912,1651825271,2022-05-06 04:21:11+00:00,1.23369
592,18446744073709551911,1651820180,2022-05-06 02:56:20+00:00,1.23
593,18446744073709551910,1651800917,2022-05-05 21:35:17+00:00,1.2338
594,18446744073709551909,1651796626,2022-05-05 20:23:46+00:00,1.237869
595,18446744073709551908,1651764337,2022-05-05 11:25:37+00:00,1.23404
596,18446744073709551907,1651753586,2022-05-05 08:26:26+00:00,1.237788
597,18446744073709551906,1651750914,2022-05-05 07:41:54+00:00,1.242144
598,18446744073709551905,1651749414,2022-05-05 07:16:54+00:00,1.245914
599,18446744073709551904,1651748753,2022-05-05 07:05:53+00:00,1.2498375
600,18446744073709551903,1651732555,2022-05-05 02:35:55+00:00,1.25412
601,18446744073709551902,1651723279,2022-05-05 00:01:19+00:00,1.258052
602,18446744073709551901,1651693941,2022-05-04 15:52:21+00:00,1.261941
603,18446744073709551900,1651690581,2022-05-04 14:56:21+00:00,1.258036
604,18446744073709551899,1651689951,2022-05-04 14:45:51+00:00,1.25421
605,18446744073709551898,1651672473,2022-05-04 09:54:33+00:00,1.2491412
606,18446744073709551897,1651668119,2022-05-04 08:41:59+00:00,1.253
607,18446744073709551896,1651596657,2022-05-03 12:50:57+00:00,1.24924
608,18446744073709551895,1651549865,2022-05-02 23:51:05+00:00,1.25318
609,18446744073709551894,1651511256,2022-05-02 13:07:36+00:00,1.2494
610,18446744073709551893,1651500450,2022-05-02 10:07:30+00:00,1.253274
611,18446744073709551892,1651425888,2022-05-01 13:24:48+00:00,1.25735
612,18446744073709551891,1651339480,2022-04-30 13:24:40+00:00,1.25735
613,18446744073709551890,1651253047,2022-04-29 13:24:07+00:00,1.25979
614,18446744073709551889,1651218258,2022-04-29 03:44:18+00:00,1.255976
615,18446744073709551888,1651213031,2022-04-29 02:17:11+00:00,1.25221
616,18446744073709551887,1651191416,2022-04-28 20:16:56+00:00,1.248409
617,18446744073709551886,1651146354,2022-04-28 07:45:54+00:00,1.244587
618,18446744073709551885,1651142269,2022-04-28 06:37:49+00:00,1.2486733
619,18446744073709551884,1651139102,2022-04-28 05:45:02+00:00,1.252442
620,18446744073709551883,1651131117,2022-04-28 03:31:57+00:00,1.256297
621,18446744073709551882,1651116046,2022-04-27 23:20:46+00:00,1.25232
622,18446744073709551881,1651076628,2022-04-27 12:23:48+00:00,1.25647
623,18446744073709551880,1651070471,2022-04-27 10:41:11+00:00,1.25269207
624,18446744073709551879,1651011962,2022-04-26 18:26:02+00:00,1.256487
625,18446744073709551878,1650991158,2022-04-26 12:39:18+00:00,1.26041
626,18446744073709551877,1650983859,2022-04-26 10:37:39+00:00,1.264286
627,18446744073709551876,1650976505,2022-04-26 08:35:05+00:00,1.26824
628,18446744073709551875,1650957562,2022-04-26 03:19:22+00:00,1.2722405
629,18446744073709551874,1650942012,2022-04-25 23:00:12+00:00,1.276072
630,18446744073709551873,1650881311,2022-04-25 06:08:31+00:00,1.272246
631,18446744073709551872,1650868250,2022-04-25 02:30:50+00:00,1.276113
632,18446744073709551871,1650851129,2022-04-24 21:45:29+00:00,1.28009
633,18446744073709551870,1650817025,2022-04-24 12:17:05+00:00,1.28395
634,18446744073709551869,1650730596,2022-04-23 12:16:36+00:00,1.28394922
635,18446744073709551868,1650644168,2022-04-22 12:16:08+00:00,1.2838445
636,18446744073709551867,1650619851,2022-04-22 05:30:51+00:00,1.28773
637,18446744073709551866,1650612616,2022-04-22 03:30:16+00:00,1.291915
638,18446744073709551865,1650611056,2022-04-22 03:04:16+00:00,1.2958285
639,18446744073709551864,1650609553,2022-04-22 02:39:13+00:00,1.29982
640,18446744073709551863,1650541618,2022-04-21 07:46:58+00:00,1.303823
641,18446744073709551862,1650536214,2022-04-21 06:16:54+00:00,1.3078885
642,18446744073709551861,1650449782,2022-04-20 06:16:22+00:00,1.3049
643,18446744073709551860,1650441348,2022-04-20 03:55:48+00:00,1.3005
644,18446744073709551859,1650426307,2022-04-19 23:45:07+00:00,1.30446976
645,18446744073709551858,1650343599,2022-04-19 00:46:39+00:00,1.3005
646,18446744073709551857,1650257168,2022-04-18 00:46:08+00:00,1.30208
647,18446744073709551856,1650203367,2022-04-17 09:49:27+00:00,1.306
648,18446744073709551855,1650116936,2022-04-16 09:48:56+00:00,1.306
649,18446744073709551854,1650030506,2022-04-15 09:48:26+00:00,1.306472
650,18446744073709551853,1649944079,2022-04-14 09:47:59+00:00,1.306157
651,18446744073709551852,1649941076,2022-04-14 08:57:56+00:00,1.310109
652,18446744073709551851,1649913227,2022-04-14 01:13:47+00:00,1.314173
653,18446744073709551850,1649870480,2022-04-13 13:21:20+00:00,1.31022
654,18446744073709551849,1649864473,2022-04-13 11:41:13+00:00,1.30629
655,18446744073709551848,1649849853,2022-04-13 07:37:33+00:00,1.30234617
656,18446744073709551847,1649833587,2022-04-13 03:06:27+00:00,1.298415
657,18446744073709551846,1649766726,2022-04-12 08:32:06+00:00,1.30234297
658,18446744073709551845,1649680305,2022-04-11 08:31:45+00:00,1.30305
659,18446744073709551844,1649593871,2022-04-10 08:31:11+00:00,1.30183076
660,18446744073709551843,1649507448,2022-04-09 08:30:48+00:00,1.30348
661,18446744073709551842,1649421018,2022-04-08 08:30:18+00:00,1.3023
662,18446744073709551841,1649340285,2022-04-07 10:04:45+00:00,1.30627
663,18446744073709551840,1649315364,2022-04-07 03:09:24+00:00,1.310358
664,18446744073709551839,1649268654,2022-04-06 14:10:54+00:00,1.30631
665,18446744073709551838,1649236437,2022-04-06 05:13:57+00:00,1.310504
666,18446744073709551837,1649207226,2022-04-05 21:07:06+00:00,1.3060799
667,18446744073709551836,1649174514,2022-04-05 12:01:54+00:00,1.3101
668,18446744073709551835,1649142483,2022-04-05 03:08:03+00:00,1.314057
669,18446744073709551834,1649056051,2022-04-04 03:07:31+00:00,1.313013
670,18446744073709551833,1648969632,2022-04-03 03:07:12+00:00,1.31145
671,18446744073709551832,1648883200,2022-04-02 03:06:40+00:00,1.31149948
672,18446744073709551831,1648796766,2022-04-01 03:06:06+00:00,1.31151
673,18446744073709551830,1648738619,2022-03-31 10:56:59+00:00,1.315504
674,18446744073709551829,1648701152,2022-03-31 00:32:32+00:00,1.311183
675,18446744073709551828,1648632765,2022-03-30 05:32:45+00:00,1.315149
676,18446744073709551827,1648618263,2022-03-30 01:31:03+00:00,1.3111831
677,18446744073709551826,1648574011,2022-03-29 13:13:31+00:00,1.3072408
678,18446744073709551825,1648570379,2022-03-29 12:12:59+00:00,1.31118
679,18446744073709551824,1648557648,2022-03-29 08:40:48+00:00,1.315192
680,18446744073709551823,1648554468,2022-03-29 07:47:48+00:00,1.311
681,18446744073709551822,1648544108,2022-03-29 04:55:08+00:00,1.306874
682,18446744073709551821,1648468754,2022-03-28 07:59:14+00:00,1.31096
683,18446744073709551820,1648434198,2022-03-27 22:23:18+00:00,1.315028
684,18446744073709551819,1648384211,2022-03-27 08:30:11+00:00,1.31905
685,18446744073709551818,1648297787,2022-03-26 08:29:47+00:00,1.319
686,18446744073709551817,1648211353,2022-03-25 08:29:13+00:00,1.320271
687,18446744073709551816,1648124924,2022-03-24 08:28:44+00:00,1.319636
688,18446744073709551815,1648038521,2022-03-23 08:28:41+00:00,1.3184786
689,18446744073709551814,1648025583,2022-03-23 04:53:03+00:00,1.322533
690,18446744073709551813,1647957520,2022-03-22 09:58:40+00:00,1.3265591
691,18446744073709551812,1647950613,2022-03-22 08:03:33+00:00,1.3225764
692,18446744073709551811,1647938695,2022-03-22 04:44:55+00:00,1.318574
693,18446744073709551810,1647910536,2022-03-21 20:55:36+00:00,1.31413
694,18446744073709551809,1647868804,2022-03-21 09:20:04+00:00,1.31814
695,18446744073709551808,1647858869,2022-03-21 06:34:29+00:00,1.314026
696,18446744073709551807,1647791620,2022-03-20 11:53:40+00:00,1.31809961
697,18446744073709551806,1647705189,2022-03-19 11:53:09+00:00,1.31809961
698,18446744073709551805,1647618757,2022-03-18 11:52:37+00:00,1.31689
699,18446744073709551804,1647600391,2022-03-18 06:46:31+00:00,1.312603
700,18446744073709551803,1647535663,2022-03-17 12:47:43+00:00,1.31663
701,18446744073709551802,1647518823,2022-03-17 08:07:03+00:00,1.31263
702,18446744073709551801,1647500961,2022-03-17 03:09:21+00:00,1.31754
703,18446744073709551800,1647458463,2022-03-16 15:21:03+00:00,1.313577
704,18446744073709551799,1647456573,2022-03-16 14:49:33+00:00,1.309415
705,18446744073709551798,1647455550,2022-03-16 14:32:30+00:00,1.30538929
706,18446744073709551797,1647430866,2022-03-16 07:41:06+00:00,1.309355
707,18446744073709551796,1647403261,2022-03-16 00:01:01+00:00,1.305313
708,18446744073709551795,1647316831,2022-03-15 00:00:31+00:00,1.30449
709,18446744073709551794,1647286513,2022-03-14 15:35:13+00:00,1.300576
710,18446744073709551793,1647202122,2022-03-13 16:08:42+00:00,1.30450039
711,18446744073709551792,1647115693,2022-03-12 15:08:13+00:00,1.30385
712,18446744073709551791,1647029201,2022-03-11 15:06:41+00:00,1.30365
713,18446744073709551790,1647015150,2022-03-11 11:12:30+00:00,1.307574
714,18446744073709551789,1646998129,2022-03-11 06:28:49+00:00,1.31152
715,18446744073709551788,1646985943,2022-03-11 03:05:43+00:00,1.306985
716,18446744073709551787,1646929696,2022-03-10 11:28:16+00:00,1.310968
717,18446744073709551786,1646908259,2022-03-10 05:30:59+00:00,1.31513
718,18446744073709551785,1646821851,2022-03-09 05:30:51+00:00,1.31725
719,18446744073709551784,1646814015,2022-03-09 03:20:15+00:00,1.313163
720,18446744073709551783,1646781594,2022-03-08 18:19:54+00:00,1.30921
721,18446744073709551782,1646762081,2022-03-08 12:54:41+00:00,1.313163
722,18446744073709551781,1646757188,2022-03-08 11:33:08+00:00,1.3092
723,18446744073709551780,1646670772,2022-03-07 11:32:52+00:00,1.310951
724,18446744073709551779,1646666117,2022-03-07 10:15:17+00:00,1.315054
725,18446744073709551778,1646655614,2022-03-07 07:20:14+00:00,1.319026
726,18446744073709551777,1646649170,2022-03-07 05:32:50+00:00,1.31486
727,18446744073709551776,1646618050,2022-03-06 20:54:10+00:00,1.318878
728,18446744073709551775,1646574850,2022-03-06 08:54:10+00:00,1.3229
729,18446744073709551774,1646488416,2022-03-05 08:53:36+00:00,1.3229
730,18446744073709551773,1646401984,2022-03-04 08:53:04+00:00,1.322262
731,18446744073709551772,1646398351,2022-03-04 07:52:31+00:00,1.32626
732,18446744073709551771,1646383283,2022-03-04 03:41:23+00:00,1.330645
733,18446744073709551770,1646321886,2022-03-03 10:38:06+00:00,1.33482
734,18446744073709551769,1646254402,2022-03-02 15:53:22+00:00,1.33896
735,18446744073709551768,1646230859,2022-03-02 09:20:59+00:00,1.334905
736,18446744073709551767,1646154675,2022-03-01 12:11:15+00:00,1.33088
737,18446744073709551766,1646150890,2022-03-01 11:08:10+00:00,1.335
738,18446744073709551765,1646130807,2022-03-01 05:33:27+00:00,1.33907
739,18446744073709551764,1646118824,2022-03-01 02:13:44+00:00,1.34322
740,18446744073709551763,1646044042,2022-02-28 05:27:22+00:00,1.339172
741,18446744073709551762,1645992376,2022-02-27 15:06:16+00:00,1.335
742,18446744073709551761,1645949806,2022-02-27 03:16:46+00:00,1.34075036
743,18446744073709551760,1645863375,2022-02-26 03:16:15+00:00,1.3403
744,18446744073709551759,1645776961,2022-02-25 03:16:01+00:00,1.339468
745,18446744073709551758,1645763391,2022-02-24 23:29:51+00:00,1.34356
746,18446744073709551757,1645729075,2022-02-24 13:57:55+00:00,1.3394412
747,18446744073709551756,1645720126,2022-02-24 11:28:46+00:00,1.33519
748,18446744073709551755,1645716973,2022-02-24 10:36:13+00:00,1.33109
749,18446744073709551754,1645712231,2022-02-24 09:17:11+00:00,1.335105
750,18446744073709551753,1645701845,2022-02-24 06:24:05+00:00,1.33917
751,18446744073709551752,1645697642,2022-02-24 05:14:02+00:00,1.3432
752,18446744073709551751,1645687912,2022-02-24 02:31:52+00:00,1.34726
753,18446744073709551750,1645673596,2022-02-23 22:33:16+00:00,1.35158
754,18446744073709551749,1645631982,2022-02-23 10:59:42+00:00,1.355825
755,18446744073709551748,1645545552,2022-02-22 10:59:12+00:00,1.35937
756,18446744073709551747,1645533858,2022-02-22 07:44:18+00:00,1.35517
757,18446744073709551746,1645485614,2022-02-21 18:20:14+00:00,1.3594345
758,18446744073709551745,1645432820,2022-02-21 03:40:20+00:00,1.363596
759,18446744073709551744,1645372013,2022-02-20 10:46:53+00:00,1.35941969
760,18446744073709551743,1645285581,2022-02-19 10:46:21+00:00,1.35941969
761,18446744073709551742,1645199154,2022-02-18 10:45:54+00:00,1.35881565
762,18446744073709551741,1645126340,2022-02-17 14:32:20+00:00,1.363048
763,18446744073709551740,1645039914,2022-02-16 14:31:54+00:00,1.359739
764,18446744073709551739,1644993233,2022-02-16 01:33:53+00:00,1.35563
765,18446744073709551738,1644936671,2022-02-15 09:51:11+00:00,1.35147
766,18446744073709551737,1644913641,2022-02-15 03:27:21+00:00,1.3556
767,18446744073709551736,1644827226,2022-02-14 03:27:06+00:00,1.352064
768,18446744073709551735,1644779097,2022-02-13 14:04:57+00:00,1.35625
769,18446744073709551734,1644692667,2022-02-12 14:04:27+00:00,1.35625
770,18446744073709551733,1644606237,2022-02-11 14:03:57+00:00,1.35568
771,18446744073709551732,1644603059,2022-02-11 13:10:59+00:00,1.36
772,18446744073709551731,1644523345,2022-02-10 15:02:25+00:00,1.35707
773,18446744073709551730,1644511915,2022-02-10 11:51:55+00:00,1.36408
774,18446744073709551729,1644487330,2022-02-10 05:02:10+00:00,1.35721
775,18446744073709551728,1644400908,2022-02-09 05:01:48+00:00,1.35699
776,18446744073709551727,1644314495,2022-02-08 05:01:35+00:00,1.355189
777,18446744073709551726,1644228064,2022-02-07 05:01:04+00:00,1.351639
778,18446744073709551725,1644141647,2022-02-06 05:00:47+00:00,1.35378
779,18446744073709551724,1644055219,2022-02-05 05:00:19+00:00,1.35378
780,18446744073709551723,1643968804,2022-02-04 05:00:04+00:00,1.357185
781,18446744073709551722,1643882382,2022-02-03 04:59:42+00:00,1.3559506
782,18446744073709551721,1643795956,2022-02-02 04:59:16+00:00,1.354142
783,18446744073709551720,1643709532,2022-02-01 04:58:52+00:00,1.349792
784,18446744073709551719,1643636508,2022-01-31 08:41:48+00:00,1.34305
785,18446744073709551718,1643550080,2022-01-30 08:41:20+00:00,1.34055
786,18446744073709551717,1643463647,2022-01-29 08:40:47+00:00,1.34044
787,18446744073709551716,1643377218,2022-01-28 08:40:18+00:00,1.341589
788,18446744073709551715,1643290796,2022-01-27 08:39:56+00:00,1.336416
789,18446744073709551714,1643260837,2022-01-27 00:20:37+00:00,1.34314
790,18446744073709551713,1643225738,2022-01-26 14:35:38+00:00,1.349901
791,18446744073709551712,1643139312,2022-01-25 14:35:12+00:00,1.350941
792,18446744073709551711,1643112625,2022-01-25 07:10:25+00:00,1.344203
793,18446744073709551710,1643026219,2022-01-24 07:10:19+00:00,1.348593
794,18446744073709551709,1642943078,2022-01-23 08:04:38+00:00,1.3555
795,18446744073709551708,1642856646,2022-01-22 08:04:06+00:00,1.35550028
796,18446744073709551707,1642770201,2022-01-21 08:03:21+00:00,1.3570179
797,18446744073709551706,1642683784,2022-01-20 08:03:04+00:00,1.36134276
798,18446744073709551705,1642597362,2022-01-19 08:02:42+00:00,1.36265
799,18446744073709551704,1642510938,2022-01-18 08:02:18+00:00,1.358511
800,18446744073709551703,1642439938,2022-01-17 12:18:58+00:00,1.365465
801,18446744073709551702,1642353508,2022-01-16 12:18:28+00:00,1.36755
802,18446744073709551701,1642267076,2022-01-15 12:17:56+00:00,1.36755
803,18446744073709551700,1642180660,2022-01-14 12:17:40+00:00,1.3666
804,18446744073709551699,1642094240,2022-01-13 12:17:20+00:00,1.37179
805,18446744073709551698,1642007810,2022-01-12 12:16:50+00:00,1.370098
806,18446744073709551697,1641974838,2022-01-12 03:07:18+00:00,1.363261
807,18446744073709551696,1641888408,2022-01-11 03:06:48+00:00,1.36122
808,18446744073709551695,1641826688,2022-01-10 09:58:08+00:00,1.3537
809,18446744073709551694,1641740268,2022-01-09 09:57:48+00:00,1.35885
810,18446744073709551693,1641653862,2022-01-08 09:57:42+00:00,1.35885
811,18446744073709551692,1641567429,2022-01-07 09:57:09+00:00,1.35637361
812,18446744073709551691,1641481003,2022-01-06 09:56:43+00:00,1.353641
813,18446744073709551690,1641394596,2022-01-05 09:56:36+00:00,1.35524309
814,18446744073709551689,1641308176,2022-01-04 09:56:16+00:00,1.35276
815,18446744073709551688,1641221763,2022-01-03 09:56:03+00:00,1.346303
816,18446744073709551687,1641135554,2022-01-02 09:59:14+00:00,1.35315
817,18446744073709551686,1641049132,2022-01-01 09:58:52+00:00,1.35315
